ab_group,genre_count,total_video_count,total_views,median_views,total_likes,total_comments,avg_like_rate,avg_comment_rate,avg_engagement_rate
A_Background_Looping,3,600,2868360980,990044.0,30338334,781397,0.0190269132733824,0.0010782290418246668,0.0201051423152071
B_Active_Listening,3,800,156153431132,4308091.0,934166573,59010659,0.014499076864799232,0.0006685469487574667,0.015167623813556767
